               epoch,      train/box_loss,      train/obj_loss,      train/cls_loss,   metrics/precision,      metrics/recall,     metrics/mAP_0.5,metrics/mAP_0.5:0.95,        val/box_loss,        val/obj_loss,        val/cls_loss,               x/lr0,               x/lr1,               x/lr2
                   0,            0.066471,            0.056045,            0.015872,             0.63933,             0.75238,             0.70843,             0.37285,            0.043678,            0.018566,           0.0056241,           0.0033263,           0.0033263,            0.070063
                   1,            0.050038,            0.053477,           0.0070494,             0.71499,              0.7533,             0.75568,             0.38385,            0.043691,            0.018002,            0.003979,            0.006659,            0.006659,            0.040062
                   2,            0.047494,            0.053687,           0.0062854,             0.74716,             0.65655,             0.72769,              0.3671,            0.046131,            0.019497,           0.0042537,           0.0099891,           0.0099891,            0.010059
                   3,            0.045985,            0.055696,           0.0061903,             0.66889,              0.7645,             0.72892,             0.36649,            0.041004,            0.019461,           0.0039555,           0.0099911,           0.0099911,           0.0099911
                   4,            0.043917,            0.055124,           0.0057193,             0.69722,              0.7508,             0.72935,             0.38098,            0.041466,            0.019533,           0.0028183,           0.0099911,           0.0099911,           0.0099911
                   5,            0.043552,            0.054393,           0.0053401,             0.76965,              0.7478,             0.76875,             0.39638,            0.042006,            0.018967,           0.0035198,           0.0099842,           0.0099842,           0.0099842
                   6,            0.042856,            0.054121,           0.0052639,             0.69182,             0.78206,             0.74389,              0.4009,            0.040147,            0.018888,           0.0034705,           0.0099753,           0.0099753,           0.0099753
                   7,            0.042443,            0.053535,           0.0051391,              0.7142,             0.75726,             0.76459,             0.41473,            0.042854,            0.018405,           0.0033351,           0.0099645,           0.0099645,           0.0099645
                   8,            0.042146,            0.053574,           0.0048745,             0.76297,             0.74964,             0.77991,             0.43539,            0.041574,            0.017913,           0.0031909,           0.0099517,           0.0099517,           0.0099517
                   9,            0.041649,            0.053096,           0.0046542,             0.69106,             0.70373,             0.72479,             0.38535,            0.040914,            0.019602,           0.0032816,            0.009937,            0.009937,            0.009937
                  10,            0.041414,            0.052412,           0.0045413,             0.76509,             0.72207,             0.75535,             0.41625,            0.039831,             0.01892,            0.003524,           0.0099203,           0.0099203,           0.0099203
                  11,            0.041136,            0.052594,           0.0046041,             0.77835,              0.7113,             0.77274,             0.42819,            0.039434,            0.018846,           0.0036224,           0.0099017,           0.0099017,           0.0099017
                  12,            0.040633,             0.05251,            0.004377,             0.73677,             0.77843,               0.773,             0.42561,            0.040436,            0.018919,           0.0033431,           0.0098811,           0.0098811,           0.0098811
                  13,            0.040635,            0.052486,           0.0043184,             0.73623,             0.72777,             0.74514,             0.38103,            0.041631,            0.018979,           0.0034829,           0.0098586,           0.0098586,           0.0098586
                  14,            0.040738,            0.051738,           0.0043102,             0.77844,             0.76443,             0.79048,              0.4181,            0.041051,            0.018402,           0.0031382,           0.0098342,           0.0098342,           0.0098342
                  15,            0.040452,            0.051521,           0.0041207,             0.76647,             0.73269,             0.76875,             0.43214,            0.038175,            0.018237,           0.0028755,           0.0098079,           0.0098079,           0.0098079
                  16,            0.040238,            0.051527,           0.0041847,             0.77185,             0.80007,             0.80526,             0.44868,            0.041166,            0.017847,            0.002428,           0.0097798,           0.0097798,           0.0097798
                  17,            0.039715,            0.050868,           0.0039659,             0.78041,             0.72497,             0.77016,             0.43215,            0.037542,            0.018269,           0.0035835,           0.0097497,           0.0097497,           0.0097497
                  18,            0.039879,            0.050918,           0.0040957,             0.74853,             0.78007,             0.77797,             0.44333,            0.039661,            0.018028,           0.0030804,           0.0097178,           0.0097178,           0.0097178
                  19,            0.039692,            0.050835,           0.0038935,              0.7752,             0.75652,              0.7891,             0.43235,            0.038365,            0.018351,           0.0028319,            0.009684,            0.009684,            0.009684
                  20,            0.039425,            0.050221,           0.0037767,             0.73035,             0.77112,              0.7642,             0.42895,            0.039033,            0.018848,           0.0028887,           0.0096484,           0.0096484,           0.0096484
                  21,            0.039414,            0.050452,           0.0037735,             0.79659,             0.75389,             0.78246,             0.43701,            0.038553,            0.018036,           0.0032696,            0.009611,            0.009611,            0.009611
                  22,            0.039214,            0.050639,           0.0037044,             0.77087,             0.72279,             0.78349,             0.44113,            0.037861,            0.018239,            0.003093,           0.0095717,           0.0095717,           0.0095717
                  23,            0.039032,            0.049751,           0.0035751,             0.73765,             0.77045,             0.77133,             0.44517,            0.038055,            0.018464,           0.0032075,           0.0095307,           0.0095307,           0.0095307
                  24,            0.038804,            0.049188,           0.0037249,              0.7351,             0.80824,             0.77939,             0.44699,            0.039023,            0.018478,           0.0030975,           0.0094879,           0.0094879,           0.0094879
                  25,            0.039007,            0.050554,            0.003549,             0.77522,             0.79171,             0.79553,             0.45623,            0.038143,            0.017976,           0.0030776,           0.0094434,           0.0094434,           0.0094434
                  26,            0.038892,            0.049908,           0.0035092,             0.74625,             0.78935,             0.77384,             0.43949,             0.03928,             0.01821,           0.0028915,           0.0093971,           0.0093971,           0.0093971
                  27,             0.03887,            0.049338,            0.003536,             0.75903,             0.76806,             0.78831,             0.45907,            0.039584,            0.018079,           0.0027365,           0.0093491,           0.0093491,           0.0093491
                  28,            0.038645,            0.049439,           0.0034273,             0.76255,             0.77231,             0.77831,             0.43823,            0.038111,            0.018403,           0.0032358,           0.0092995,           0.0092995,           0.0092995
                  29,            0.038406,             0.04898,           0.0033432,             0.73793,             0.79396,             0.79516,             0.44572,            0.038574,            0.018602,           0.0027408,           0.0092481,           0.0092481,           0.0092481
                  30,            0.038397,            0.048595,           0.0033901,             0.75704,             0.78854,             0.78278,             0.44951,            0.038682,            0.018247,           0.0028764,           0.0091952,           0.0091952,           0.0091952
                  31,             0.03833,            0.049208,            0.003297,             0.75425,             0.77768,             0.79995,             0.45721,            0.037632,            0.018462,           0.0023672,           0.0091406,           0.0091406,           0.0091406
                  32,            0.038212,            0.048549,           0.0033387,             0.74021,             0.79666,             0.79244,             0.45419,            0.038438,            0.018146,           0.0029818,           0.0090844,           0.0090844,           0.0090844
                  33,            0.037816,            0.048613,           0.0031585,             0.73611,             0.80025,             0.78145,             0.45905,            0.039269,            0.017913,           0.0030122,           0.0090266,           0.0090266,           0.0090266
                  34,            0.038078,            0.048434,           0.0033475,             0.78414,             0.75876,             0.79166,             0.45907,            0.036935,            0.017718,           0.0023209,           0.0089673,           0.0089673,           0.0089673
                  35,            0.037846,            0.048194,           0.0031793,             0.77458,             0.79501,             0.80399,             0.46655,            0.035986,             0.01797,           0.0027383,           0.0089065,           0.0089065,           0.0089065
                  36,            0.037799,            0.048641,           0.0032697,             0.76187,             0.81989,             0.79568,             0.45788,            0.037037,            0.018197,           0.0024829,           0.0088442,           0.0088442,           0.0088442
                  37,            0.037644,            0.047867,           0.0031863,              0.7992,             0.77174,             0.79113,             0.46025,            0.036412,              0.0181,            0.002612,           0.0087804,           0.0087804,           0.0087804
                  38,            0.037494,            0.047727,           0.0032767,              0.7906,             0.75103,             0.78963,             0.44529,            0.039049,            0.018342,           0.0026702,           0.0087151,           0.0087151,           0.0087151
                  39,            0.037356,            0.047717,           0.0031193,             0.79669,             0.77774,             0.79105,             0.45649,            0.037971,            0.017881,           0.0029554,           0.0086485,           0.0086485,           0.0086485
                  40,            0.037372,            0.047804,           0.0031218,              0.7902,             0.76866,             0.80592,             0.47095,            0.038899,            0.018158,           0.0025316,           0.0085805,           0.0085805,           0.0085805
                  41,            0.037275,             0.04741,           0.0030862,             0.78876,             0.73736,             0.78016,             0.45079,            0.038468,            0.018458,           0.0028449,           0.0085111,           0.0085111,           0.0085111
                  42,            0.037038,             0.04715,           0.0030854,             0.74882,             0.75874,             0.77449,             0.45606,            0.036931,            0.018771,           0.0026084,           0.0084404,           0.0084404,           0.0084404
                  43,            0.036982,            0.046861,           0.0029831,             0.79868,              0.7445,             0.77785,             0.46052,            0.036284,            0.018159,           0.0027635,           0.0083684,           0.0083684,           0.0083684
                  44,            0.036929,            0.047089,            0.002921,              0.7503,             0.78284,             0.79033,             0.45684,             0.03869,            0.018496,           0.0030185,           0.0082952,           0.0082952,           0.0082952
                  45,            0.036704,             0.04675,           0.0029791,             0.80004,             0.75531,             0.79824,             0.46238,            0.038671,            0.018011,           0.0029748,           0.0082207,           0.0082207,           0.0082207
                  46,            0.036735,            0.047002,            0.002887,             0.83261,             0.71106,             0.80458,             0.46157,            0.036917,            0.018265,           0.0027067,            0.008145,            0.008145,            0.008145
                  47,             0.03669,            0.046589,           0.0030095,             0.73874,             0.81343,              0.7797,              0.4508,            0.035885,            0.018372,           0.0024315,           0.0080682,           0.0080682,           0.0080682
                  48,            0.036612,            0.046629,           0.0028714,             0.78483,             0.75474,             0.78786,              0.4656,            0.035931,             0.01839,           0.0027943,           0.0079903,           0.0079903,           0.0079903
                  49,             0.03662,            0.046851,           0.0027718,             0.76932,             0.78634,             0.80705,             0.46077,            0.037601,            0.018217,           0.0027538,           0.0079112,           0.0079112,           0.0079112
                  50,            0.036424,            0.046318,           0.0027765,               0.772,             0.77297,             0.80024,             0.47195,            0.035897,              0.0183,           0.0028793,           0.0078311,           0.0078311,           0.0078311
                  51,            0.036379,            0.046235,           0.0029442,             0.76345,             0.79787,             0.80928,             0.47932,            0.036004,            0.018005,           0.0024812,             0.00775,             0.00775,             0.00775
                  52,            0.035946,            0.046183,           0.0025823,             0.78778,             0.78085,             0.79726,             0.46591,            0.037303,            0.018329,           0.0025961,           0.0076679,           0.0076679,           0.0076679
                  53,            0.036107,            0.045325,           0.0028057,             0.76792,             0.78391,             0.78838,             0.46644,            0.038119,            0.018349,           0.0031121,           0.0075848,           0.0075848,           0.0075848
                  54,            0.036083,            0.045765,           0.0028348,             0.83452,             0.72446,             0.79377,             0.47122,            0.037177,            0.018476,           0.0029922,           0.0075009,           0.0075009,           0.0075009
                  55,            0.035925,            0.045705,           0.0027004,             0.77358,              0.7618,             0.79841,             0.46949,            0.038101,             0.01823,           0.0031275,            0.007416,            0.007416,            0.007416
                  56,            0.035712,            0.045305,           0.0027118,             0.78133,             0.77774,             0.79759,             0.46411,            0.038366,            0.018103,           0.0030705,           0.0073303,           0.0073303,           0.0073303
                  57,            0.035756,            0.045431,            0.002713,             0.78247,             0.77748,             0.79261,             0.46679,            0.036805,            0.018674,           0.0032196,           0.0072438,           0.0072438,           0.0072438
                  58,            0.035686,            0.044718,           0.0025607,             0.78718,             0.78867,              0.8006,             0.46838,            0.036528,            0.018487,           0.0031288,           0.0071566,           0.0071566,           0.0071566
                  59,            0.035567,             0.04506,           0.0026306,             0.77129,             0.81104,             0.78759,             0.46481,             0.03665,            0.018416,           0.0030896,           0.0070686,           0.0070686,           0.0070686
                  60,            0.035436,            0.044829,           0.0026389,             0.77371,             0.76582,             0.77904,             0.46409,            0.038043,            0.018774,           0.0031061,           0.0069799,           0.0069799,           0.0069799
                  61,              0.0353,            0.045252,           0.0026934,             0.79617,             0.77381,              0.7899,             0.46268,            0.036869,            0.018878,           0.0029076,           0.0068906,           0.0068906,           0.0068906
                  62,            0.035258,            0.044942,           0.0026925,             0.76163,             0.79907,             0.78902,             0.46726,            0.036772,            0.018825,           0.0028942,           0.0068006,           0.0068006,           0.0068006
                  63,            0.035201,            0.044901,           0.0025493,             0.76284,             0.79795,              0.7881,             0.45527,            0.036709,            0.018529,           0.0026669,           0.0067101,           0.0067101,           0.0067101
                  64,            0.035112,            0.044963,           0.0025622,             0.79316,             0.77544,             0.79473,             0.46242,             0.03706,             0.01846,           0.0027651,           0.0066191,           0.0066191,           0.0066191
                  65,            0.034882,            0.044565,           0.0026523,              0.7389,             0.80452,             0.78633,             0.46559,            0.037303,            0.018433,           0.0027278,           0.0065276,           0.0065276,           0.0065276
                  66,            0.034629,            0.043979,            0.002519,             0.78915,             0.77586,             0.79329,             0.47439,            0.036331,            0.018458,           0.0028622,           0.0064356,           0.0064356,           0.0064356
                  67,             0.03477,            0.044177,           0.0025872,             0.80676,             0.74634,             0.79175,             0.47889,            0.035272,            0.018512,           0.0030209,           0.0063432,           0.0063432,           0.0063432
                  68,            0.034824,            0.044315,           0.0025371,             0.79179,              0.7539,             0.78497,             0.47349,            0.034737,            0.018465,           0.0033957,           0.0062505,           0.0062505,           0.0062505
                  69,            0.034622,            0.044282,           0.0024434,             0.77885,             0.79699,              0.7853,             0.46913,            0.035346,            0.018703,           0.0031882,           0.0061574,           0.0061574,           0.0061574
                  70,            0.034266,            0.043469,           0.0023297,             0.76849,             0.79711,             0.78287,             0.47784,            0.035358,            0.018802,           0.0027925,            0.006064,            0.006064,            0.006064
                  71,            0.034536,            0.043992,           0.0024684,              0.7531,             0.80625,             0.79872,             0.47407,            0.035508,            0.018815,           0.0027908,           0.0059704,           0.0059704,           0.0059704
                  72,            0.034296,            0.043385,           0.0023412,             0.81547,             0.77274,             0.79987,             0.47637,            0.035881,            0.018584,           0.0031446,           0.0058766,           0.0058766,           0.0058766
                  73,            0.034129,            0.043546,           0.0023646,             0.79729,             0.78964,             0.79758,             0.47937,            0.035958,            0.018581,           0.0032699,           0.0057826,           0.0057826,           0.0057826
                  74,            0.034145,            0.043374,           0.0023181,             0.81643,             0.77029,             0.79756,             0.47846,            0.035923,            0.018603,           0.0032713,           0.0056884,           0.0056884,           0.0056884
                  75,            0.033888,            0.043417,           0.0022988,             0.78492,             0.80448,             0.80163,              0.4798,            0.035564,            0.018227,           0.0031187,           0.0055942,           0.0055942,           0.0055942
                  76,            0.033907,            0.042725,           0.0023661,             0.77354,             0.80359,             0.79897,             0.47079,            0.036797,            0.018324,           0.0029868,              0.0055,              0.0055,              0.0055
                  77,            0.033885,            0.042357,           0.0022661,             0.79819,             0.80196,             0.80301,             0.48305,            0.036235,            0.018224,           0.0027928,           0.0054058,           0.0054058,           0.0054058
                  78,            0.033877,            0.043361,           0.0023223,             0.78727,              0.8166,             0.81127,             0.48173,            0.036774,            0.018158,           0.0028284,           0.0053116,           0.0053116,           0.0053116
                  79,            0.033738,            0.042758,           0.0022472,             0.76258,             0.83989,             0.81213,             0.48042,            0.037007,               0.018,           0.0030057,           0.0052174,           0.0052174,           0.0052174
                  80,            0.033548,            0.042913,           0.0022661,             0.77495,              0.8135,             0.80845,             0.47743,            0.037223,            0.018316,           0.0030155,           0.0051234,           0.0051234,           0.0051234
                  81,            0.033592,            0.042767,           0.0022194,              0.7447,             0.82832,             0.80126,             0.47978,            0.036429,             0.01874,           0.0032006,           0.0050296,           0.0050296,           0.0050296
                  82,            0.033546,            0.042508,           0.0022368,              0.7529,              0.8234,             0.79531,             0.47635,            0.036338,            0.018945,           0.0029541,            0.004936,            0.004936,            0.004936
                  83,            0.033152,             0.04202,           0.0021097,             0.77294,             0.81636,             0.79517,              0.4792,            0.036379,             0.01888,           0.0027296,           0.0048426,           0.0048426,           0.0048426
                  84,              0.0331,            0.042113,           0.0022352,             0.77983,             0.80137,             0.79481,              0.4778,            0.036494,             0.01877,           0.0027914,           0.0047495,           0.0047495,           0.0047495
                  85,            0.033139,            0.042146,            0.002174,             0.77311,             0.80908,             0.78915,             0.47715,            0.036397,            0.018727,            0.002805,           0.0046568,           0.0046568,           0.0046568
                  86,            0.033294,            0.041512,           0.0022009,             0.78924,             0.79787,             0.79461,             0.47704,            0.036406,            0.018696,           0.0027489,           0.0045644,           0.0045644,           0.0045644
                  87,            0.032794,            0.041632,           0.0021291,             0.78498,             0.79482,             0.78931,             0.47516,            0.036624,            0.018717,           0.0027553,           0.0044724,           0.0044724,           0.0044724
                  88,            0.032766,             0.04143,           0.0020899,             0.77013,             0.81178,             0.79216,              0.4732,            0.036698,            0.018837,           0.0027261,           0.0043809,           0.0043809,           0.0043809
                  89,            0.032987,            0.041757,           0.0021004,             0.73954,             0.80673,             0.78721,              0.4706,             0.03654,             0.01917,           0.0030583,           0.0042899,           0.0042899,           0.0042899
                  90,            0.032671,            0.041755,           0.0020511,             0.73834,             0.81939,             0.78362,             0.46867,            0.036847,            0.019321,           0.0031785,           0.0041994,           0.0041994,           0.0041994
                  91,            0.032537,            0.040854,           0.0021105,             0.72805,              0.8284,             0.78278,             0.47136,             0.03725,            0.019281,           0.0031868,           0.0041094,           0.0041094,           0.0041094
                  92,            0.032423,            0.040998,           0.0020353,             0.76836,             0.77539,             0.78199,             0.47426,             0.03706,            0.019246,           0.0032512,           0.0040201,           0.0040201,           0.0040201
                  93,            0.032289,            0.040757,           0.0020336,             0.74769,             0.79754,             0.78679,             0.47532,            0.036919,            0.019169,           0.0031219,           0.0039314,           0.0039314,           0.0039314
                  94,            0.032061,            0.041019,           0.0020373,             0.74617,             0.80908,             0.78633,             0.47695,            0.036919,            0.019168,           0.0030904,           0.0038434,           0.0038434,           0.0038434
                  95,            0.032219,            0.040605,           0.0020514,             0.78007,             0.78642,             0.78439,             0.47208,            0.037056,            0.019203,           0.0029489,           0.0037562,           0.0037562,           0.0037562
                  96,            0.032059,            0.040205,           0.0020787,             0.77089,             0.79433,             0.78815,             0.47493,            0.036961,            0.019129,           0.0030232,           0.0036697,           0.0036697,           0.0036697
                  97,            0.032113,            0.040896,           0.0020459,             0.76988,             0.79476,             0.78805,             0.47957,            0.036637,            0.019081,            0.003024,            0.003584,            0.003584,            0.003584
                  98,            0.031821,            0.040454,           0.0019919,             0.77344,             0.79722,             0.79021,             0.48085,            0.036338,            0.019138,           0.0028976,           0.0034991,           0.0034991,           0.0034991
                  99,            0.031576,            0.040037,           0.0019756,             0.77377,             0.78866,             0.79087,              0.4774,            0.036271,            0.019208,           0.0027719,           0.0034152,           0.0034152,           0.0034152
                 100,              0.0316,            0.039806,            0.001914,             0.77952,             0.78857,             0.79076,             0.47698,             0.03606,            0.019368,           0.0027723,           0.0033321,           0.0033321,           0.0033321
                 101,            0.031592,            0.040212,           0.0020362,             0.77953,             0.78966,             0.79018,             0.47613,            0.036061,            0.019441,            0.002871,             0.00325,             0.00325,             0.00325
                 102,            0.031523,            0.040169,            0.001921,             0.78281,             0.78535,             0.79289,             0.47562,            0.036051,              0.0194,           0.0029152,           0.0031689,           0.0031689,           0.0031689
                 103,            0.031255,            0.039547,           0.0017774,             0.77814,             0.79305,             0.79516,             0.47578,            0.036008,              0.0195,           0.0029136,           0.0030888,           0.0030888,           0.0030888
                 104,            0.031325,            0.039871,           0.0019996,             0.76931,             0.78315,             0.79478,             0.47318,            0.036088,            0.019548,           0.0029477,           0.0030097,           0.0030097,           0.0030097
                 105,            0.031241,             0.03912,           0.0018623,             0.75396,             0.80354,             0.79711,             0.47616,            0.036181,            0.019511,           0.0029761,           0.0029318,           0.0029318,           0.0029318
                 106,            0.031062,            0.039164,            0.001883,              0.7746,             0.78691,             0.79403,             0.47761,            0.036312,             0.01952,           0.0029836,            0.002855,            0.002855,            0.002855
                 107,             0.03071,             0.03932,           0.0018711,             0.77319,             0.78787,             0.79371,             0.47769,            0.036427,            0.019509,           0.0030411,           0.0027793,           0.0027793,           0.0027793
                 108,            0.031014,            0.039718,            0.001841,             0.76994,             0.78274,             0.79304,             0.47869,             0.03651,            0.019497,           0.0030693,           0.0027048,           0.0027048,           0.0027048
                 109,            0.030631,            0.039062,           0.0017841,             0.78044,             0.77463,             0.79417,             0.47652,             0.03648,             0.01957,            0.003089,           0.0026316,           0.0026316,           0.0026316
                 110,            0.030435,            0.039032,           0.0017433,             0.75547,             0.79633,             0.79401,             0.47562,            0.036632,            0.019606,           0.0030934,           0.0025596,           0.0025596,           0.0025596
                 111,            0.030422,             0.03849,           0.0016977,             0.76419,             0.79325,             0.78852,             0.47377,            0.036744,            0.019627,           0.0030909,           0.0024889,           0.0024889,           0.0024889
                 112,            0.030568,             0.03873,           0.0017129,              0.7625,             0.79396,             0.79056,             0.47558,            0.036862,            0.019657,           0.0030774,           0.0024195,           0.0024195,           0.0024195
                 113,            0.030488,            0.038681,           0.0018057,             0.76526,             0.78315,             0.79232,             0.47642,            0.036785,              0.0197,           0.0030331,           0.0023515,           0.0023515,           0.0023515
                 114,             0.03057,            0.038786,           0.0018009,             0.78167,             0.77497,             0.79326,             0.47727,            0.036702,             0.01972,           0.0030326,           0.0022849,           0.0022849,           0.0022849
                 115,            0.030268,            0.038044,           0.0017122,             0.77321,             0.78585,             0.79447,             0.47716,            0.036617,             0.01968,           0.0030417,           0.0022196,           0.0022196,           0.0022196
                 116,             0.03024,            0.038262,           0.0016918,             0.79301,             0.76889,             0.79675,             0.47707,            0.036568,            0.019652,           0.0030531,           0.0021558,           0.0021558,           0.0021558
                 117,            0.030116,            0.037738,           0.0016949,             0.77605,             0.78546,              0.7957,             0.47881,            0.036605,            0.019678,           0.0030973,           0.0020935,           0.0020935,           0.0020935
                 118,            0.030112,            0.038028,           0.0017869,             0.75378,             0.80917,             0.79498,             0.47938,            0.036623,            0.019713,           0.0031431,           0.0020327,           0.0020327,           0.0020327
                 119,            0.029934,            0.037988,           0.0017666,             0.74605,              0.8118,             0.79389,             0.47871,            0.036605,            0.019746,           0.0031423,           0.0019734,           0.0019734,           0.0019734
                 120,            0.029808,            0.038051,           0.0016546,             0.74776,              0.8174,             0.79687,             0.47991,            0.036618,            0.019759,           0.0031317,           0.0019156,           0.0019156,           0.0019156
                 121,            0.029704,            0.037861,           0.0016672,             0.76513,             0.79362,             0.79704,             0.48038,            0.036574,            0.019785,           0.0031228,           0.0018594,           0.0018594,           0.0018594
                 122,            0.029612,            0.037733,           0.0016267,             0.76583,             0.79458,             0.79641,             0.48189,            0.036586,            0.019785,           0.0030923,           0.0018048,           0.0018048,           0.0018048
                 123,            0.029386,            0.037364,            0.001668,             0.77017,             0.79379,             0.79715,              0.4842,            0.036566,            0.019804,           0.0030646,           0.0017519,           0.0017519,           0.0017519
                 124,            0.029378,            0.037529,            0.001654,             0.76392,             0.80003,             0.79688,             0.48173,            0.036508,            0.019814,           0.0030426,           0.0017005,           0.0017005,           0.0017005
                 125,             0.02957,             0.03774,           0.0016078,              0.7619,             0.80327,             0.79844,             0.48182,            0.036499,            0.019809,           0.0030384,           0.0016509,           0.0016509,           0.0016509
                 126,            0.029482,            0.037306,           0.0015921,             0.76327,             0.80029,             0.79775,             0.48168,            0.036455,            0.019815,           0.0030195,           0.0016029,           0.0016029,           0.0016029
                 127,            0.029186,            0.037171,           0.0016446,             0.75596,             0.80091,             0.79568,             0.48072,             0.03644,            0.019834,           0.0030089,           0.0015566,           0.0015566,           0.0015566
                 128,            0.029364,            0.037333,           0.0016474,             0.75464,             0.80128,             0.79511,             0.48026,            0.036401,            0.019858,           0.0029883,           0.0015121,           0.0015121,           0.0015121
                 129,            0.029193,            0.037372,           0.0016749,             0.73884,             0.81759,             0.79321,             0.48154,            0.036387,            0.019888,           0.0029769,           0.0014693,           0.0014693,           0.0014693
                 130,            0.029168,             0.03718,           0.0016108,             0.73886,             0.81732,             0.79345,             0.48168,            0.036379,            0.019899,           0.0029652,           0.0014283,           0.0014283,           0.0014283
                 131,             0.02922,            0.036902,           0.0015955,             0.73546,             0.81759,             0.79286,             0.48187,            0.036354,              0.0199,           0.0029585,            0.001389,            0.001389,            0.001389
                 132,            0.028985,            0.036941,           0.0015865,             0.73726,             0.81746,             0.79279,             0.48067,            0.036319,            0.019908,           0.0029427,           0.0013516,           0.0013516,           0.0013516
                 133,            0.028818,            0.036939,            0.001515,             0.78357,             0.76631,             0.79219,             0.48163,            0.036295,            0.019918,           0.0029425,            0.001316,            0.001316,            0.001316
                 134,            0.028894,            0.036863,            0.001548,             0.73454,             0.81717,             0.79182,             0.48023,            0.036285,            0.019932,            0.002942,           0.0012822,           0.0012822,           0.0012822
                 135,            0.028808,            0.036561,           0.0015387,             0.78497,             0.76096,             0.79204,               0.481,            0.036257,            0.019957,           0.0029386,           0.0012503,           0.0012503,           0.0012503
                 136,            0.028902,              0.0368,           0.0015323,             0.73609,             0.81759,             0.79115,             0.47941,            0.036219,            0.019978,           0.0029378,           0.0012202,           0.0012202,           0.0012202
                 137,            0.028618,            0.036136,           0.0015265,             0.77963,             0.77489,             0.79267,             0.48038,            0.036182,            0.019982,           0.0029405,           0.0011921,           0.0011921,           0.0011921
                 138,            0.028563,            0.036265,           0.0015551,             0.78092,             0.77504,             0.79315,             0.48034,            0.036128,            0.020003,           0.0029497,           0.0011658,           0.0011658,           0.0011658
                 139,            0.028646,            0.036542,           0.0014244,             0.78364,             0.77504,             0.79229,             0.48134,            0.036098,            0.020021,           0.0029598,           0.0011414,           0.0011414,           0.0011414
                 140,            0.028432,            0.036169,           0.0015571,             0.78225,             0.77504,             0.79245,             0.48213,            0.036079,            0.020029,           0.0029619,           0.0011189,           0.0011189,           0.0011189
                 141,            0.028266,            0.036403,           0.0015033,             0.78484,              0.7746,             0.79304,             0.48193,            0.036073,            0.020052,           0.0029631,           0.0010983,           0.0010983,           0.0010983
                 142,            0.028424,            0.036292,           0.0014476,             0.78541,             0.77493,             0.79237,             0.48233,             0.03605,            0.020069,           0.0029628,           0.0010797,           0.0010797,           0.0010797
                 143,             0.02845,            0.036384,           0.0015331,             0.78572,             0.77504,             0.79223,             0.48325,            0.036024,             0.02009,           0.0029538,            0.001063,            0.001063,            0.001063
                 144,             0.02836,            0.036041,            0.001474,             0.78461,             0.77705,             0.79254,             0.48198,             0.03597,            0.020112,           0.0029441,           0.0010483,           0.0010483,           0.0010483
                 145,            0.028287,            0.036329,           0.0014686,             0.77303,             0.78489,             0.79222,             0.48201,            0.035921,            0.020129,           0.0029354,           0.0010355,           0.0010355,           0.0010355
                 146,            0.028224,            0.035996,           0.0014922,             0.78563,              0.7746,             0.79265,             0.48137,            0.035888,             0.02013,           0.0029395,           0.0010247,           0.0010247,           0.0010247
                 147,            0.028278,            0.035848,           0.0014831,             0.78399,             0.77406,             0.79204,             0.48092,            0.035865,            0.020143,           0.0029435,           0.0010158,           0.0010158,           0.0010158
                 148,            0.028117,            0.035514,           0.0015534,             0.77368,             0.78104,             0.79215,             0.48122,            0.035835,            0.020155,           0.0029375,           0.0010089,           0.0010089,           0.0010089
                 149,            0.028037,            0.035599,           0.0015106,             0.77136,              0.7856,             0.79274,             0.48109,            0.035823,            0.020176,           0.0029338,           0.0010039,           0.0010039,           0.0010039
